county,education_level,manufacturing_share,population,urban_share,median_age,experience,log_wage_male,log_wage_female,gender_gap,median_wage,education_manufacturing,education_urban
County_000,0.3496714153011233,0.036770340635966854,26341.30925899475,0.43686933949919643,32.46737045629165,20.872627811473674,3.280090615640482,3.1320109863299628,0.13763755711881706,26.578180989651177,0.012857537051282935,0.15276072024435094
County_001,0.2861735698828815,0.11634837417877127,29155.30786466023,0.47358308051134723,38.00349558778587,27.424718469659766,3.232696367662393,3.0011803844347367,0.20666998457245306,25.34791219977812,0.033295829588808244,0.13552696078606433
County_002,0.36476885381006924,0.12258283867785844,37855.27524660717,0.6358166115237126,38.79127990476684,26.954978243805733,3.307412347973066,3.0995082397432085,0.18771507558325326,27.314353902056286,0.04471440156130704,0.2319260966189067
County_003,0.4523029856408025,0.08581781846227048,37305.68571367915,0.5019030577582426,34.612168936331464,21.375321166078624,3.2137561919740807,3.107496955935451,0.1008084849873374,24.87233625225377,0.03881565551166532,0.22701225152630128
County_004,0.2765846625276664,0.13709714306671927,11060.829983994132,0.7016617502696598,38.74643281736239,28.32107821691973,3.263189685170571,3.0738335166564235,0.1725082722967734,26.13275962103545,0.03791896704861575,0.1940688784069056
County_005,0.2765863043050819,0.18232406854516306,13781.5701202871,0.585084810842511,34.0872814738276,23.66190060494629,3.4082065611613754,3.2288618020273976,0.16418230606516693,30.211014038712428,0.050428340304773084,0.16182644553596803
County_006,0.45792128155073913,0.3008948720968424,28495.960905648797,0.11838558165974232,41.37140234373388,28.044661838922053,3.212101765734901,3.082618923586068,0.12145033768872279,24.8312208271256,0.1377861654426318,0.05421127727075888
County_007,0.37674347291529087,0.16396622502654712,28478.166229850794,0.5564771112158046,37.425779902584885,25.397884335940233,3.090587821248538,2.9841876258352134,0.10093522552818109,21.99000036683428,0.061773205057311445,0.20964911947731077
County_008,0.2530525614065048,0.17060403125782111,28496.137853255,0.6859186131076725,38.77518311797759,28.726342135473516,3.2511294431301914,3.0600874552361383,0.17390209868817239,25.81948509525017,0.04317178709606704,0.1735734619632939
County_009,0.35425600435859644,0.14404432673870662,151201.05879679538,0.6877918909197814,50.84963419845167,39.181538128714124,3.417949626186761,3.101228497335456,0.2714661061165337,30.50680050652159,0.051028567640978344,0.24365440710748537
County_010,0.25365823071875376,-0.0035016972239233276,29303.0022418065,0.6847805481337312,32.464477726999895,22.405946035499834,3.287955196199842,3.089020699755899,0.18039642147642848,26.788031346051138,-0.000888234322333163,0.17370022227022067
County_011,0.2534270246429743,0.14787888996406265,38862.413170518346,0.6467663237115081,44.94291134520144,34.88807895091385,3.233531054417555,3.153531806818744,0.07688295905926643,25.369078598789844,0.03747650709109819,0.16390806505748226
County_012,0.3241962271566034,0.1548184167952821,35489.809635914586,0.36271500623702013,24.703243214753137,13.516103580247481,3.0734933813855614,2.9496480510728014,0.1164835164665801,21.617288355618125,0.05019154661938898,0.1175908365551258
County_013,0.10867197553422019,0.3470593689988229,30506.517419491694,0.4875430615926483,27.608116725405285,19.86936511685776,2.909128267115942,2.857854504694501,0.04998144445098364,18.340803314867596,0.037715627256761974,0.05298226766127508
County_014,0.1275082167486967,0.1346111228175102,18814.166037065825,0.3904354900625388,31.796799611562147,23.756668143583,3.304812587145443,3.1091327279855854,0.17772456350581903,27.243435340342668,0.01716402422500052,0.04978373309327781
County_015,0.24377124707590273,0.174123787386689,32192.365599770277,0.674064577452769,32.11235817362532,22.212018220410872,3.0619424632247734,2.8425096036387214,0.1970259321054583,21.36902541973231,0.04244637279683251,0.16431756265535294
County_016,0.1987168879665576,0.14722305842358052,14966.765561772432,0.554282819490992,39.01850899069425,29.839038783229327,3.267633932976481,3.151509328691885,0.1096357268181032,26.249158541881755,0.029255708006852614,0.11014535694257913
County_017,0.33142473325952737,0.05650575699043743,19566.822799152444,0.7233095774137626,39.44921132084234,28.146415588689898,3.423746921108694,3.2847701390268,0.12975176642409095,30.684171064134134,0.0187274054381834,0.2397226837584177
County_018,0.20919759244787886,0.24142582516120165,17280.22781631124,0.40576184888425065,36.725893658138176,27.378732178972115,3.2413391934356652,3.126575540121691,0.10842315976131164,25.567939246715028,0.05050570137846592,0.08488440189378528
County_019,0.1587696298664708,0.21015464261494193,22946.87566667983,0.5396682090640951,37.25061016618769,28.710296088324156,3.342578607337442,3.2570685111341358,0.08195612575022945,28.29198665081051,0.033366174822694786,0.08568292180380756
County_020,0.4465648768921554,0.21328255576344374,70075.55410650207,0.41484741454284957,40.6388238046583,27.493785774383817,3.31821691929546,3.201698123529574,0.10998663166344222,27.61107386637028,0.09524449825774653,0.18525628460435659
County_021,0.27742236995134645,0.07724900361642088,8659.111548176008,0.8796031530051215,42.16611938810371,31.727361468882165,3.4891128913805276,3.361570224000162,0.11974414317850769,32.75687590625282,0.021430601659647615,0.2440215913233576
County_022,0.3067528204687924,0.2622235448748879,31043.045821855714,0.8856111130092305,31.367304919451204,20.459259791950526,3.275957349115579,3.1817949978837494,0.08986501129106408,26.46855300079479,0.08043781198369682,0.27166370675408785
County_023,0.15752518137865432,0.03785191497661752,9834.403363877178,0.12486827529617972,36.19054514383498,27.67014224177651,3.1961313320219316,3.0718868515013718,0.11683610188262482,24.43780533078567,0.0059626297722210776,0.01966989771447045
County_024,0.2455617275474817,0.19694856750402162,17396.66964386173,0.28264178401236933,37.652050885434946,27.723063244675238,3.296451978436456,3.2041078972217787,0.08820863471594798,27.01661314461951,0.048363030474289366,0.06940600475917962
County_025,0.3110922589709866,0.3252364500647983,37967.1009211206,0.24039951481547503,40.42657998280227,29.449103839266485,3.075564151119201,3.00229199218519,0.07065213472029362,21.662099162486882,0.10117854195036258,0.07478642811947528
County_026,0.1849006422577697,0.07075709398954493,22745.895932814874,0.08224546022030065,34.136664288632645,25.17825401250833,3.193232610812101,3.123194747427946,0.06764148301109042,24.36706951738321,0.013083032122960232,0.015207238417519439
County_027,0.3375698018345672,0.10469618163177824,12850.36649637529,0.7658312655792822,37.55389412203166,26.15277729267858,3.3686251594891132,3.189883815370416,0.16367780892334174,29.038576190129636,0.035342269286275235,0.2585215085603141
County_028,0.23993613100811947,0.1579721092070113,15403.470888391514,0.7289723509470698,38.149918172635786,28.310940076505872,3.3055654082110357,3.190592001882112,0.10861015107992879,27.26395249426984,0.03790321669032242,0.17490680549813298
County_029,0.2708306250206723,0.10972194767070406,30939.80663613251,0.695917767286531,34.477649482702354,24.1443594823716,3.288277142235745,3.125316556072537,0.1503753252770619,26.79665703498132,0.029716063666142278,0.18847584387720195
County_030,0.23982933877706028,0.025946925514709375,15287.896014761232,0.6003124764680128,34.35842425026057,24.521154829827605,3.23290364814836,3.0390238045603266,0.17624312200691378,25.35316687191382,0.006222833989490384,0.14397254429094306
County_031,0.4852278184508938,0.15548503798448218,24544.16176080863,0.5879785392179561,38.49372888818667,24.730083792972373,3.3628408450696625,3.1842077764450747,0.16358725082234532,28.87109279045011,0.07544566578296465,0.28530354388067214
County_032,0.2986502775262066,0.0650157029019116,22534.120810231005,0.8684385622274671,37.34827427006396,26.569869829644652,3.299506962277218,3.1747833028949612,0.1172591939775266,27.099274661718454,0.019416957715217294,0.25935941762369286
County_033,0.19422890710441,0.1878873944508145,15901.994589117421,0.4612774920762419,40.50238759710316,31.394725083432597,3.2405181864505566,3.12633497549285,0.10790550057824563,25.5469564047072,0.03649316328287689,0.0895934231578316
County_034,0.3822544912103189,0.07644606126129572,64342.267630532835,0.23297375373255402,32.73370639677502,20.617634537409916,3.239402218212025,3.10942233597587,0.12188690358523141,25.518462714752022,0.029221850252469463,0.08905526369839557
County_035,0.17791563500289775,0.2739947524014032,30241.169731996793,0.6590331100261343,36.246592360606066,27.3999422005597,3.1054408908115003,2.9679963709731165,0.12841729579491298,22.319057073537973,0.048747950360957394,0.11725229425823426
County_036,0.3208863595004755,0.08733973661310103,8001.855303174893,0.5456265623939547,36.85391974223204,25.71973799022443,3.310906010494628,3.163392994524849,0.1371487925969543,27.409947925981445,0.02802613012150838,0.17508412125335518
County_037,0.10403298761202243,0.12423507870354594,24178.69511837164,0.1680251170769777,42.069319540618025,34.404791738825665,3.18037646981028,3.081606952722197,0.09404850970020928,24.055808133093347,0.012924546403744627,0.01748015492337784
County_038,0.16718139511015692,0.21508137738957359,15821.210692297946,0.36745914023635096,33.29793112716049,24.62302880539798,3.3166712115185395,3.1103660683728287,0.18641522141696248,27.568428182139595,0.03595760473420307,0.06143233171069195
County_039,0.31968612358691234,0.051530854685283574,33732.48731972523,0.6026905822805648,39.17326002577543,28.058282048384832,3.2781327380353087,3.128124205953528,0.13929936717445807,26.526195071943725,0.016473699179458786,0.19267181597161281
County_040,0.37384665799954103,0.16819679476833035,14820.099767591357,0.9043183987127565,39.263777537689435,27.28223100969678,3.319327861594183,3.1831684153173647,0.1272965279246795,27.641765221247184,0.062879809610375,0.33807641112626047
County_041,0.317136828118997,0.2545714203425942,20798.409143244782,0.41552841395226053,46.231986213399864,35.15779696349591,3.3455430781172746,3.2523226970430366,0.08900728738057875,28.375981857695386,0.08073397277719825,0.1317793631941375
County_042,0.28843517176117595,0.02140134123510179,28353.15639067604,0.31325535682236666,32.9645531784687,22.349590430289883,3.001383142555438,2.7802421526465833,0.19839634570353648,20.113337305568873,0.006172899535066122,0.09035386265016779
County_043,0.2698896304410711,0.16477070868258434,33957.92703143711,0.7508246581381912,34.71383340941253,24.39559932235539,3.1769123501026644,3.112748315637972,0.06214885299834374,23.97262010389146,0.04446990567385607,0.20263978951095998
County_044,0.15214780096325725,0.17079062353987387,12086.589322296071,0.35363331884989285,33.313221588883394,24.878856773471277,3.303407135944133,3.1781247635002807,0.11775225504319967,27.2051729156994,0.025985417796735327,0.05380453181034959
County_045,0.2280155791605291,0.2125458297421848,18634.116166006723,0.10303112421893601,29.651104139658,20.002854873089532,3.172868788610028,3.052892087335783,0.11305889892609541,23.875881057313613,0.04846376046681948,0.023492701460341114
County_046,0.25393612290402123,0.05104394312975344,17370.477424213557,0.6513526894251842,46.82343467131359,36.760456704849254,3.398297270307833,3.2282539542961164,0.15637172680723385,29.913122697187664,0.01296190101610294,0.16540197659573835
County_047,0.40571222262189155,0.044363470953257884,15888.254169172116,0.5620846841796776,31.792493845254388,19.30109828330412,3.0306241287557976,2.903847349138528,0.11906970775142166,20.710154359418638,0.017998802403667982,0.22804462652026097
County_048,0.33436182895684613,0.1917553252493518,53248.61746524048,0.566035746731617,33.91847295472577,22.568683691416233,3.251626407900748,3.1165124063607017,0.12638368759411742,25.8323196586352,0.06411566126258816,0.18926074753213762
County_049,0.12369598446372658,0.17375877385865487,26970.281550650176,0.7322389655382122,44.5788325414108,36.59969678999117,3.413926748599734,3.3392778035016484,0.07193076759882014,30.384321905898787,0.021493262591656355,0.09057501970494992
County_050,0.3324083969394795,0.17003942802767014,11725.931348086287,0.6202196443754264,29.234464765308925,17.915930414277252,3.1154554071660194,2.903736469626816,0.19080790086937993,22.543694576175508,0.05652253368718383,0.20616621773720956
County_051,0.2614917719583683,0.17771585675975807,34854.271384993735,0.582404770536907,41.7817578464369,31.59788949510301,3.430636012049304,3.3019550537806377,0.12074556033955744,30.896286912807927,0.046471234289208706,0.1522940554447027
County_052,0.23230779996940412,0.09559802227372073,63645.13061251639,0.4506272115503183,30.934878273291112,21.217953473780646,3.0998019258282934,2.9751411894751487,0.11720364750453291,22.19355487604953,0.022208166235834156,0.1046842161216017
County_053,0.36116762888408677,0.16858029577288028,36909.80933271638,0.3047132355190204,44.23347368264793,32.45479162050255,3.2461978322130363,3.096513889494488,0.1390199475582511,25.69246690026939,0.06088574570086921,0.11005255676200289
County_054,0.4030999522495951,0.1734457978638945,10304.28407158268,0.11232651954507482,27.150611564795707,14.701012328802186,2.7403109420594056,2.579360231635451,0.14866596803346513,15.49180140013668,0.0699159928368288,0.04527881466498287
County_055,0.39312801191161983,0.09285188655789056,17289.989364743393,0.635512264275899,29.232652918746687,16.94260472816077,3.202592102722791,3.035866867191912,0.1535678511307692,24.596203523680074,0.036502677564746774,0.24983767300023613
County_056,0.21607824767773612,0.2992619608915805,41500.28503852152,0.5450295275340902,35.275388825205454,25.818136862361676,3.242760395708973,3.1270969903129675,0.1092249970981062,25.604302293598142,0.06466400010605591,0.11776902524219063
County_057,0.26907876241487855,0.187906633672943,15462.380173663847,0.3112182967384508,42.859113450863674,32.553853252225615,3.1191622207244283,2.89207336379439,0.20315002649808597,22.627414920878504,0.050561684438261444,0.08374223412724878
County_058,0.3331263431403564,0.0546957202237881,27499.131850211037,0.14789411849290646,37.845208746817136,26.515187256571437,3.06372038789368,2.9607781811064133,0.09782088819578634,21.407051731118266,0.018220585263578566,0.04926742686550848
County_059,0.3975545127122359,0.20252428869070638,32445.49964579642,0.4629436039909068,36.32142463556715,23.960552432171372,3.1216988618002657,2.9599936070302992,0.14930809502674125,22.68488541119363,0.08051444490282596,0.18404531889785125
County_060,0.252082576215471,0.07202546638181427,13856.847090404037,0.681754853461133,44.73022103732359,34.69689981787605,3.439241356594202,3.2977923865764134,0.13190052644468708,31.16330736054719,0.01815636511864854,0.1718585198078833
County_061,0.28143410233361826,0.21296676829939615,21380.558824702628,0.6479351779442012,48.77619769216537,38.27325205482747,3.3131880142792887,3.1972111224019595,0.10950419925408002,27.47256895442271,0.05993611126323223,0.18235105517509947
County_062,0.18936650259939716,0.2426876463205923,4356.24762783359,0.2653595648239793,41.36128642206886,32.3314223804785,3.1832655144068864,3.02745667962131,0.1442772408390691,24.125406924193637,0.045956910807810024,0.05025021272201498
County_063,0.1803793375919329,0.08434541453186316,13197.809915715325,0.38794154908730083,34.885727484493586,25.99965808302266,3.1377390428052263,2.9860140771566237,0.14077543548263677,23.051689012886282,0.015214170002174466,0.06997663964875564
County_064,0.38125258223941977,0.22707009033954573,19413.343624362744,0.2738385689916113,35.90928482995364,23.809243514122926,3.076308551835102,2.8396284971929933,0.21075623749550626,21.67823044793667,0.08657105829129014,0.10440166154479931
County_065,0.4356240028570823,0.18302247415491987,11802.992842527314,0.15810622536992103,31.557763101213375,18.587779055500057,2.8914466149357785,2.7876425626607824,0.09859809222941655,18.019357828298354,0.07972898280417309,0.06887486677226898
County_066,0.2927989878419666,0.2157648127995592,49821.687090680345,0.8946341455943861,38.50408711127026,27.81930330579879,3.174810101884185,3.09453405342341,0.07713844329113327,23.922276641753424,0.06317571879962233,0.2619479723188989
County_067,0.4003532897892024,0.3017434386123158,10774.41165847737,0.3567829610977888,29.852035070118365,17.446382433491127,2.9459672309345657,2.7330848314030756,0.1917488176545795,19.02905898265946,0.12080397832074688,0.14283923221623276
County_068,0.3361636025047634,0.13036895071977037,17676.25966943323,0.7643680830359548,40.7593182765475,29.38070063647129,3.3891336705196164,3.225122649706685,0.1512673318953002,29.640262910684907,0.043825296128723976,0.2569527284330267
County_069,0.23548802453948756,0.08970110685140083,23514.447269111733,0.36247626043836084,48.02787022819977,38.26006183556797,3.31906044891403,3.111827330196339,0.18716985802090122,27.634374450962092,0.021123536451441872,0.0853588185130904
County_070,0.3361395605508414,0.07883884562995813,45280.7213911298,0.6406589719997156,41.58795789896525,30.209724930151786,3.244706065644656,3.0869801429222643,0.14591616513496447,25.65416831046866,0.026500854924389746,0.2153508253109382
County_071,0.45380365664659694,0.08473517720276492,10743.63671075236,0.6863606176985684,35.65426139902533,22.39340289267978,3.463969463551902,3.3457987248752943,0.11145566922055111,31.943523839607998,0.03845313326121208,0.31147295808982733
County_072,0.29641739608900486,0.14383186324687167,39402.39483596255,0.5472116722221894,40.63468706315895,29.89200872573487,3.2321927511049884,3.140013034470727,0.0880587561937435,25.335149785449996,0.04263426637826754,0.1622030589896114
County_073,0.4564643655814006,0.1772921579853315,22139.453685572636,0.6429154408272634,46.102667225829386,32.799237376526975,3.4561350619907323,3.3708276499489798,0.08177003393901316,31.694243203894956,0.08092755241733178,0.29346798881970326
County_074,0.03802548959102554,0.17213526394640152,13483.819290288971,0.65388917266879,45.85247317630569,39.24406534284928,3.4958290408207118,3.4278092486581424,0.06575801727497403,32.97761641341122,0.006545527687442324,0.024864455929001373
County_075,0.38219025043752236,0.2161746599228819,27751.682199293482,0.7052526947549964,32.98121054218315,20.866166535182792,3.0178177322305118,2.8706707542912713,0.1368328984292364,20.4466229560853,0.08261984741417246,0.26954070403014957
County_076,0.3087047068238171,0.15104015135023255,24331.567194655574,0.20805415210551434,40.55148194791162,29.61220663873054,3.26873693243555,3.0703189219974254,0.17997299836115854,26.278127322892395,0.046626805641198504,0.06422729602921065
County_077,0.2700992649534132,0.26628272617258536,16315.837835807024,0.25639851701392674,37.209492549649006,26.887904310394397,3.1562743558856385,3.0217711281884307,0.1258499426196807,23.482943659042498,0.0719227686090063,0.06925305098060681
County_078,0.3091760776535502,0.12882745334096352,22808.784880176794,0.9577272844558973,42.03296623956843,31.08614899711163,3.2951205144829006,3.183483113379105,0.10563150425805334,26.980665434920795,0.03983036671805485,0.2961063652698603
County_079,0.1012431085399107,0.3676135333271695,18166.657757479265,0.09806207514682352,39.91806976908386,32.29818003244529,3.2702616158068203,3.0936351179226964,0.1619072445108279,26.318223706026497,0.0372183368553827,0.009928109317738734
County_080,0.2780328112162488,0.2000533878212005,23312.81929576883,0.2828848151971761,26.151392952577762,15.702867973117783,2.9530580668445765,2.9005095970747834,0.05119166858014507,19.16447044026752,0.05562140580926284,0.07865126041965989
County_081,0.3357112571511746,0.08142739548669739,30670.769217914756,0.59011360227352,36.2599345685158,24.888554454097008,3.2058079838260634,3.102130925169727,0.09848361267034926,24.675429311883015,0.027336093305385063,0.19810777928125167
County_082,0.4477894044741516,0.06432860015511101,48679.26303765711,0.6105928866396895,38.99279181448146,25.82816134289503,3.2667847259668426,3.1039334394713043,0.15028245650730038,26.226877034595994,0.028805665554112975,0.2734170250845397
County_083,0.24817297817263526,0.18859779321945483,11861.963918079797,0.7568838923694093,30.82817516420577,20.857407513443608,3.137263318456021,2.965616041693952,0.157723788828246,23.04072537117497,0.04680487602005894,0.18783812970021263
County_084,0.21915063971068122,0.13212297717393193,63992.21327285948,0.6586410670822217,40.90511004932993,31.398699813959027,3.2026233593038835,3.027996590171431,0.16022960948266834,24.596972328925137,0.028954834968146916,0.14434161119079458
County_085,0.24982429564154632,0.20712003952736735,8299.546055982712,0.7943592589134931,30.37992379136485,20.382735061100107,3.245169970280452,3.114595799010366,0.12240860153394292,25.66607215898716,0.05174361798817378,0.19845024234440414
County_086,0.3915402117702074,0.1878590099658836,20416.6791768471,0.2929436887832145,34.00780476291473,21.743161374591413,3.261242799380416,3.1107277660050823,0.13973520277338133,26.081931616885946,0.07355435654498357,0.11469923394292553
County_087,0.33287511096596845,0.14417368698745017,29559.445110213383,0.05602322509006499,44.706559598500675,33.38055782304518,3.315850945575292,3.221135949818849,0.09036785344995203,27.54582401137606,0.047991832054320276,0.01864873726852681
County_088,0.2470239796232961,0.0822565025545276,25349.034813276474,0.7754578524948671,33.581111055678655,23.628727381705918,3.2091918544349656,3.045328233682821,0.15114221942786352,24.759069205371766,0.02031932861091323,0.191556684753417
County_089,0.3513267433113356,0.02881222202513082,16133.453302102569,0.39371662400567525,40.86983479600838,29.24860690302701,3.23339805706465,3.1045278349315115,0.12091195568585203,25.365704802848505,0.010122504131652346,0.1383231792994475
County_090,0.309707754934804,0.1142788038346383,19849.59483994956,0.26318741925112715,29.232131410456564,18.2768073314997,3.0219290454039323,2.8757165264799567,0.13602592716742967,20.530858467027542,0.0353930317722607,0.0815111847433516
County_091,0.3968644990532889,0.2185119035458778,17214.36575768216,0.811277696455205,48.40657328382571,36.05674129897309,3.597137540772267,3.4745349090156425,0.11538488931836997,36.49362328379504,0.08671961713791537,0.3219673165968011
County_092,0.22979469061226473,0.1671274995304163,16404.60917411234,0.3129990102877626,36.47723180756371,26.800516757767475,3.32292862759735,3.1735426619583276,0.13876335700954226,27.741476159868725,0.03840501204739343,0.07192551073102148
County_093,0.2672337853402232,0.050340897703040954,33684.768757167876,0.3310097468653145,38.47660403473859,28.200863469295022,3.190790678679699,3.07586586980568,0.10856683074932266,24.307639379070412,0.013452788650608581,0.08845698763932706
County_094,0.26078918468678425,0.16385447406809456,26331.145129559733,0.5561088701516702,38.895183982744825,28.72255702775628,3.2965825497241,3.1938792174516775,0.09760535485646563,27.020140968896843,0.04273147469950021,0.14502717884394284
County_095,0.15364850518678813,0.18082539037830694,15576.91364202223,0.6820909633163099,41.037834321656796,32.57945823866819,3.280550176145142,3.1685561963703437,0.10595036013567072,26.590398078950567,0.027783550931444283,0.10480225691496736
County_096,0.3296120277064576,0.07929140510390935,34537.46437406744,0.5014874824468347,30.404100085069114,19.130307641765793,3.201267437492377,3.0829800538061143,0.11155930743803609,24.56364335849265,0.02613540081599372,0.16529630595870776
County_097,0.3261055272179889,0.1622980084756422,25684.67425300184,0.7799668155571726,37.973317645816685,26.755629210328863,3.338268753509815,3.1507580049358666,0.1709797926524922,28.170314706336487,0.052926277620378936,0.2543514895998077
County_098,0.3005113456642461,0.15465669747567998,33071.628851494184,0.22913492572519903,34.706155871093216,23.89797434046528,3.2947464109509133,3.170364141930645,0.11695778332779842,26.97057376046945,0.0464760922744048,0.06885764486835663
County_099,0.27654128666248523,0.058562376173550146,30176.3692215705,0.727471363781641,29.55221386960865,19.127553283008886,3.080272802233417,2.9930583024918995,0.08351951028020328,21.764338946681644,0.016194914857046026,0.20117586695028786
